01.11.01,,,,,,,,,
Time (h),asyn,aA76E,aS87E,aS129E,,,,,
0,4,4,4,4,,,,,
4,4,5,4,4,,,,,
8,5,4,4,4,,,,,
12,17,4,4,6,,,,,
24,395,4,65,50,,,,,
48,552,4,211,551,,,,,
96,547,612,320,630,,,,,
,,,,,,,,,
19.11.01,,,,,,,,,
Time (h),asyn,a1-80,b1-73,gsyn,g1-80,ga,,,
0,4,4,4,4,4,4,,,
2,3,5,5,3,15,4,,,
4,3,6,5,3,52,4,,,
8,6,55,6,3,133,4,,,
12,26,57,6,3,147,4,,,
24,172,58,11,3,148,4,,,
48,225,54,48,18,157,6,,,
96,264,54,57,124,146,5,,,
,,,,,,,,,
03.12.01,,,,,,,,,
Time (h),asyn,aS129E,aS87E,aA76E,,,,,
0,4,4,4,4,,,,,
4,6,3,3,4,,,,,
8,26,3,4,4,,,,,
12,65,3,4,5,,,,,
24,278,21,20,4,,,,,
48,282,220,86,9,,,,,
96,373,243,216,131,,,,,
,,,,,,,,,
17.12.01,,,,,,,,,
Time (h),asyn,a11-140,a21-140,gsyn,ga,g1-80,,,
0,4,4,4,4,4,4,,,
2,2,5,6,1,2,59,,,
4,4,5,4,3,4,80,,,
8,41,4,5,5,5,361,,,
24,322,9,26,341,13,541,,,
48,514,95,241,598,33,514,,,
96,615,449,232,591,134,593,,,
,,,,,,,,,
15.01.02,,,,,,,,,
Time (h),asyn,ba1,gsyn,ga,,,,,
0,4,4,4,4,,,,,
2,4,4,3,5,,,,,
4,5,4,3,4,,,,,
8,8,5,3,4,,,,,
8,8,5,3,4,,,,,
12,23,5,3,5,,,,,
24,192,4,3,4,,,,,
48,371,6,58,4,,,,,
96,418,9,145,4,,,,,
,,,,,,,,,
19.02.02,,,,,,,,,
Time (h),asyn,ba1,gsyn,ga,,,,,
0,4,4,4,4,,,,,
4,4,4,4,4,,,,,
8,17,4,3,4,,,,,
24,420,3,3,3,,,,,
49,451,9,3,3,,,,,
103,490,45,270,329,,,,,
,,,,,,,,,
12.03.02,,,,,,,,,
Time (h),asyn,ba1,gsyn,ga,,,,,
0,4,4,4,4,,,,,
4,4,4,4,4,,,,,
8,7,4,4,4,,,,,
24,214,4,4,28,,,,,
48,617,4,89,126,,,,,
96,712,10,147,120,,,,,
,,,,,,,,,
25.03.02,,,,,,,,,
Time (h),asyn,aS129E,aS87E,,,,,,
0,4,4,4,,,,,,
4,3,17,4,,,,,,
8,3,89,3,,,,,,
24,41,294,3,,,,,,
48,114,300,23,,,,,,
96,149,270,123,,,,,,
,,,,,,,,,
29.04.02,,,,,,,,,
Time (h),asyn,gsyn,ba1,ga,,,,,
0,4,4,4,4,,,,,
4,5,4,5,6,,,,,
8,196,5,4,11,,,,,
24,764,533,5,604,,,,,
48,,596,4,850,,,,,
97,,572,28,803,,,,,
,,,,,,,,,
13.05.02,,,,,,,,,
Time (h),asyn,gsyn,ba1,ga,a73-83Del,,,,
0,4,4,4,4,4,,,,
4,6,10,4,6,3,,,,
8,28,70,4,10,3,,,,
24,124,123,4,64,3,,,,
48,130,124,10,314,37,,,,
102,118,87,14,287,36,,,,
,,,,,,,,,
25.06.02,,,,,,,,,
Time (h),asyn,ba1,ga,a73-83Del,,,,,
0,4,4,4,4,,,,,
4,5,4,15,4,,,,,
8,15,4,35,4,,,,,
24,119,4,410,40,,,,,
48,167,4,501,75,,,,,
97,205,17,496,81,,,,,
,,,,,,,,,
05.08.02,,,,,,,,,
Time (h),asyn,gsyn,ba1,ga,a73-83Del,,,,
0,4,4,4,4,4,,,,
4,4,4,4,4,4,,,,
8,21,4,4,4,5,,,,
24,101,5,4,15,17,,,,
48,118,78,6,98,18,,,,
96,106,90,34,101,18,,,,
,,,,,,,,,
12.08.02,,,,,,,,,
Time (h),asyn,b1-73,ba1,aS129E,a73-83Del,,,,
0,4,4,4,4,4,,,,
4,4,8,4,4,4,,,,
8,4,12,4,4,4,,,,
24,42,36,5,66,18,,,,
48,55,33,12,122,24,,,,
96,61,29,49,111,20,,,,
,,,,,,,,,
03.09.02,,,,,,,,,
Time (h),asyn,a31-140,a41-140,a51-140,,,,,
0,4,4,4,4,,,,,
4,4,5,4,4,,,,,
8,5,4,4,4,,,,,
24,29,5,5,4,,,,,
48,70,21,8,5,,,,,
242,68,32,46,21,,,,,
,,,,,,,,,
08.10.02,,,,,,,,,
Time (h),asyn,a68-71Del,a74-84Del,ba1,,,,,
0,4,4,4,4,,,,,
4,4,4,4,4,,,,,
8,4,4,4,4,,,,,
24,30,4,17,4,,,,,
50,53,7,17,5,,,,,
96,75,22,18,10,,,,,
,,,,,,,,,
18.11.02,,,,,,,,,
Time (h),asyn,a68-71Del,a74-84Del,,,,,,
0,4,4,4,,,,,,
4,4,4,4,,,,,,
8,4,4,4,,,,,,
27,32,5,17,,,,,,
50,112,9,26,,,,,,
126,125,37,27,,,,,,
,,,,,,,,,
25.11.02,,,,,,,,,
Time (h),asyn,a31-140,a51-140,a61-140,,,,,
0,4,4,4,4,,,,,
4,4,5,3,4,,,,,
8,4,5,3,4,,,,,
26,130,23,3,8,,,,,
49,157,37,8,26,,,,,
98,142,58,27,36,,,,,
,,,,,,,,,
13.01.03,,,,,,,,,
Time (h),asyn,ba1,b1-73,,,,,,
0,4,4,4,,,,,,
4,4,5,4,,,,,,
8,4,5,9,,,,,,
24,73,5,41,,,,,,
48,428,5,77,,,,,,
97,471,5,80,,,,,,
,,,,,,,,,
27.01.03,,,,,,,,,
Time (h),asyn,ba1,a68-71Del,a74-84Del,,,,,
0,4,4,4,4,,,,,
4,5,4,4,4,,,,,
8,13,4,4,4,,,,,
24,150,4,4,15,,,,,
48,189,4,4,50,,,,,
98,186,4,8,74,,,,,
,,,,,,,,,
10.03.03,,,,,,,,,
Time (h),asyn,a68-71Del,a73-83Del,a74-84Del,ba1,,,,
0,4,4,4,4,4,,,,
4,4,4,3,5,5,,,,
8,5,5,4,5,5,,,,
24,15,4,36,8,7,,,,
49,123,28,36,56,16,,,,
98,151,44,36,62,52,,,,
,,,,,,,,,
02.04.03,,,,,,,,,
Time (h),asyn,gsyn,a73-83Del,b1-73,,,,,
0,4,4,4,4,,,,,
4,5,5,4,4,,,,,
9,5,5,4,4,,,,,
23,36,5,8,12,,,,,
48,59,5,40,9,,,,,
120,81,13,41,7,,,,,
,,,,,,,,,
06.05.03,,,,,,,,,
Time (h),asyn,gsyn,,,,,,,
0,4,4,,,,,,,
4,4,4,,,,,,,
8,4,4,,,,,,,
25,74,4,,,,,,,
49,188,143,,,,,,,
106,120,105,,,,,,,
,,,,,,,,,
03.06.03,,,,,,,,,
Time (h),asyn,fr_asyn,,,,,,,
0,4,4,,,,,,,
4.5,4,114,,,,,,,
9,4,126,,,,,,,
24,13,170,,,,,,,
49,835,151,,,,,,,
101,835,163,,,,,,,
,,,,,,,,,
22.07.03,,,,,,,,,
Time (h),asyn,a11-140,a21-140,a31-140,a41-140,a51-140,,,
0,4,4,4,4,4,4,,,
4,5,4,4,4,4,4,,,
9,6,4,4,4,4,4,,,
25,118,7,11,15,4,4,,,
54,249,239,113,29,6,7,,,
144,242,266,116,97,151,35,,,
,,,,,,,,,
28.07.03, #1&2,,,,,,,,
Time (h),asyn,a11-140,a21-140,a31-140,a41-140,a61-140,asyn,a1-50,a1-80
0,4,4,4,4,4,4,4,4,4
4.5,5,4,5,4,4,4,6,4,4
8,5,4,4,4,4,4,8,4,11
24,26,5,162,7,15,5,41,21,49
48,68,14,113,88,23,6,65,36,54
96,97,99,93,99,48,6,74,51,54
,,,,,,,,,
18.08.03,,,,,,,,,
Time (h),asyn,ba1,fr_asyn,,,,,,
0,4,4,4,,,,,,
4,5,4,123,,,,,,
8,5,4,137,,,,,,
25,15,4,140,,,,,,
48,57,4,144,,,,,,
97,108,4,141,,,,,,
,,,,,,,,,
01.09.03,,,,,,,,,
Time (h),asyn,a68-71Del,ba1,b3V,,,,,
0,4,4,4,4,,,,,
4,4,4,4,10,,,,,
8,4,4,4,12,,,,,
22,15,4,4,16,,,,,
50,107,4,6,18,,,,,
81,161,49,10,18,,,,,
396,167,61,25,31,,,,,
,,,,,,,,,
15.09.03,,,,,,,,,
Time (h),asyn,baVT,baVTL66V,,,,,,
0,4,4,4,,,,,,
4,4,4,4,,,,,,
8,5,4,4,,,,,,
24,118,5,5,,,,,,
48,132,5.5,5.5,,,,,,
72,141,6,6,,,,,,
96,143,8,8,,,,,,
170,144,21,21,,,,,,
,,,,,,,,,
29.09.03,,,,,,,,,
Time (h),asyn,b5V,fr_gsyn2,,,,,,
0,4,4,4,,,,,,
4,4,5,94,,,,,,
8,4,5,92,,,,,,
24,59,5,57,,,,,,
48,74,5,32,,,,,,
96,64,9,31,,,,,,
,,,,,,,,,
03.11.03,,,,,,,,,
Time (h),asyn,fr_asyn,fr_gsyn1,fr_gsyn2,,,,,
0,4,4,4,4,,,,,
1,4,9.2,30.6,4,,,,,
4,4.2,121.7,172.6,59.6,,,,,
8.5,4.2,130.7,171.6,66.6,,,,,
24,33.4,111.7,162.6,61.6,,,,,
48,93.4,133.7,128.6,49.6,,,,,
80,94.4,132.7,154.6,48.6,,,,,
96,97.4,123.7,140.6,45.6,,,,,
,,,,,,,,,
17.11.03,,,,,,,,,
Time (h),asyn,b5V,b5V2Q,b5V4Q,,,,,
0,4,4,4,4,,,,,
4,4,4.4,3.9,9.9,,,,,
8,4,5.2,4.1,12.9,,,,,
12,4,5.2,4.2,14.9,,,,,
24,10.7,6.2,11.7,18.9,,,,,
60,106.7,7.7,12.7,22.9,,,,,
96,111.7,8.2,14.7,33.9,,,,,
,,,,,,,,,
01.12.03,,,,,,,,,
Time (h),asyn,b5V,b5V2Q,b5V4Q,,,,,
0,4,4,4,4,,,,,
4,4.1,6.7,7.2,5.8,,,,,
8,4.2,7.7,9.2,7.4,,,,,
12,4.3,10.3,10.9,9.7,,,,,
24,423.4,12.7,13.1,17.9,,,,,
48,531.4,14.5,14.1,25.9,,,,,
98,550.4,17.5,17.1,68.9,,,,,
,,,,,,,,,
15.12.03,,,,,,,,,
Time (h),asyn,b1-73,b5V2Q,b5V4Q,b5V6Q,,,,
0,4,4,4,4,4,,,,
2,4.1,4.1,15.5,14,6,,,,
4,4.1,6.6,21.5,18,8,,,,
8.5,4.2,37.7,25.5,21,11,,,,
25,635.3,52.7,26.5,23,28,,,,
47,568.3,68.7,48.5,24,40,,,,
97,471.3,31.7,60.5,45,87,,,,
,,,,,,,,,
12.01.04,,,,,,,,,
Time (h),asyn,b5V4Q,b5V6Q,,,,,,
0,4,4,4,,,,,,
4,4.1,10.6,5.1,,,,,,
8.5,4.1,14.6,8.1,,,,,,
26,152.4,21.6,39.1,,,,,,
51,190.4,24.6,103.1,,,,,,
100,212.4,30.6,124.1,,,,,,
,,,,,,,,,
27.01.04,,,,,,,,,
Time (h),asyn,b5V6Q,,,,,,,
0,4,4,,,,,,,
4,4.1,10,,,,,,,
8.5,4.1,16,,,,,,,
25,394.1,16,,,,,,,
49,324.1,31,,,,,,,
130,559.1,47,,,,,,,
,,,,,,,,,
16.02.04,,,,,,,,,
Time (h),asyn,b1-73,b5V6Q,b5V8Q,,,,,
0,4,4,4,4,,,,,
4,4.1,4.3,5.7,8.6,,,,,
8,4.4,7.1,8.6,13.2,,,,,
24,63.4,10.4,50,82.6,,,,,
50,68.4,11.1,126,101.6,,,,,
72,72.4,11.7,125,101.6,,,,,
106,70.4,10.8,119,103.6,,,,,
,,,,,,,,,
,,,,,,,,,
23.02.04,,,,,,,,,
Time (h),asyn,aE46K,aA30P,aA53T,,,,,
0,4,4,4,4,,,,,
4,4.35,3.9,4.02,4.1,,,,,
9,9.1,4.12,4,4.2,,,,,
24,74.5,238.4,131.4,264.7,,,,,
47,80.5,293.4,326.4,367.7,,,,,
72,95.5,317.4,386.4,452.7,,,,,
98,77.5,283.4,323.4,407.7,,,,,
,,,,,,,,,
01.03.04,,,,,,,,,
Time (h),asyn,aE46K,aA30P,aA53T,b5V8Q,,,,
0,4,4,4,4,4,,,,
4,4,4.15,4,4.15,6,,,,
9,11.9,315.55,4.15,69.4,19,,,,
24,105.3,363.55,56.3,403.4,56,,,,
48,92.3,323.55,196.3,354.4,53,,,,
73,97.3,350.55,225.3,348.4,52,,,,
98,103.3,394.55,284.3,419.4,51.5,,,,
,,,,,,,,,
23.03.04,,,,,,,,,
Time (h),asyn,aE46K,aA30P,aA53T,b5V8Q,,,,
0,4,4,4,4,4,,,,
4,8.6,7.3,5.4,30.7,4.5,,,,
9,102.2,70.5,26.5,252.7,38.8,,,,
25,390.2,317.5,153.5,409.7,532.8,,,,
48,403.2,297.5,270.5,409.7,462.8,,,,
98,493.2,359.5,398.5,554.7,557.8,,,,
,,,,,,,,,
20.04.04,,,,,,,,,
Time (h),asyn,aA30P,aE46K,aA53T,ba12,,,,
0,4,4,4,4,4,,,,
4,3.8,4,7.4,4,4.2,,,,
8,4.3,4.1,218.5,4,4.1,,,,
25.5,121,27.7,292.5,16.8,4.1,,,,
50,359,147.7,285.5,22.4,4.2,,,,
99,337,172.7,262.5,24.4,163.4,,,,
264,509,299.7,342.5,28.4,276.4,,,,
,,,,,,,,,
26.04.04,,,,,,,,,
Time (h),asyn,b5V,ba12,,,,,,
0,4,4,4,,,,,,
4,4.3,4,4,,,,,,
8,6.2,4,4,,,,,,
24,299.6,8.6,4,,,,,,
48,225.6,20.1,4.7,,,,,,
100,326.6,37.6,138.4,,,,,,
,,,,,,,,,
04.05.04,,,,,,,,,
Time (h),asyn,aA30P,aE46K,aA53T,,,,,
0,4,4,4,4,,,,,
4.5,6.4,18.6,4.6,6.5,,,,,
8.5,23.4,72.6,9.1,41.7,,,,,
25,273.4,229.6,90.6,82.2,,,,,
48,304.4,297.6,88.6,91.2,,,,,
150,344.4,302.6,82.6,104.2,,,,,
366,355.4,366.6,113.6,124.2,,,,,
,,,,,,,,,
07.06.04,,,,,,,,,
Time (h),asyn,ba12,a73-83Del,,,,,,
0,4,4,4,,,,,,
3,4.1,4,4.1,,,,,,
8,63.7,4.2,4.1,,,,,,
26,223.7,32.7,21.6,,,,,,
48,261.7,83.7,35.6,,,,,,
97,347.7,100.7,27.6,,,,,,
,,,,,,,,,
05.07.04,,,,,,,,,
Time (h),asyn,a1-75,a1-80,,,,,,
0,4,4,4,,,,,,
2,3.9,3.9,4,,,,,,
4,4,20.8,4.2,,,,,,
8,7.5,27.2,9.1,,,,,,
24,271.5,27.2,32.8,,,,,,
48,356.5,31.2,33.8,,,,,,
105,422.5,25.2,31.8,,,,,,
,,,,,,,,,
12.07.04,,,,,,,,,
Time (h),asyn,a11-140,a21-140,a61-140,,,,,
0,4,4,4,4,,,,,
4,4,4,4,4,,,,,
9,4,3.9,4.1,4,,,,,
25,314.5,5.5,100.6,4.4,,,,,
50,343.5,22.5,114.6,4.8,,,,,
104,358.5,43.5,106.6,6.4,,,,,
,,,,,,,,,
13.09.04,,,,,,,,,
Time (h),asyn,a1-75,a1-80,aS129E,,,,,
0,4,4,4,4,,,,,
2,4.1,4.1,6.1,4,,,,,
4,4.2,20.3,24.5,4.1,,,,,
8,8.3,54.3,85.5,4.6,,,,,
24,47.6,46.3,99.5,115.6,,,,,
48,62.6,41.3,95.5,163.6,,,,,
100,58.6,30.8,67.5,135.6,,,,,
,,,,,,,,,
,,,,,,,,,
06.10.04,NB: NEW LAMP (buffer value was double),,,,,,,,
Time (h),asyn,ba12,a71-72Del,aS129E,,,,,
0,4,4,4,4,,,,,
4,4,4,4.2,4.6,,,,,
9,8.6,4.1,6.3,66.1,,,,,
24,99.2,14.4,278.1,240.1,,,,,
48,162.2,246.4,727.1,264.1,,,,,
120,173.2,269.4,750.1,247.1,,,,,
,,,,,,,,,
18.10.04,,,,,,,,,
Time (h),asyn,a68-71Del,a71-72Del,a73-83Del,aV71GT72G,aT72V,,,
0,4,4,4,4,4,4,,,
4,66.2,4,3.8,4,4,127.4,,,
8,255.2,4.4,3.9,12.1,4.7,154.4,,,
33,583.2,3.9,480.9,38.1,37.4,132.4,,,
52,563.2,11.1,512.9,42.1,41.4,121.4,,,
78,575.2,51.3,533.9,45.1,44.4,130.4,,,
96,566.2,58.3,528.9,45.1,45.4,125.4,,,
,,,,,,,,,
27.10.04,,,,,,,,,
Time (h),asyn,a68-71Del,a71-72Del,a71-82Del,aV71GT72G,aT72V,,,
0,4,4,4,4,4,4,,,
4.5,15.6,3.9,4.7,4,4,25.1,,,
8,84,3.9,49,4,4,123.1,,,
25,316,4.1,422,4.6,381.2,126.1,,,
56,338,92.1,612,8.2,407.2,133.1,,,
126,374,115.1,607,33.2,333.2,131.1,,,
,,,,,,,,,
10.11.04,,,,,,,,,
Time (h),asyn,a71-72Del,a71-74Del,a71E72E,aT72V,,,,
0,4,4,4,4,4,,,,
2,4,4.04,4.1,4.1,4.1,,,,
4,4.2,4.14,4.2,4.2,21.3,,,,
8,16.8,4.14,4.4,4.2,115.4,,,,
25,513.1,382.14,87.5,5.3,104.4,,,,
49,653.1,613.14,247.5,10.7,113.4,,,,
96,653.1,620.14,303.5,17.6,106.4,,,,
,,,,,,,,,
22.11.04,,,,,,,,,
Time (h),asyn,a71-72Del,a71-74Del,a71E72E,aT72V,aS129E,,,
0,4,4,4,4,4,4,,,
4,13.8,4.5,4,4.1,85.4,4.7,,,
8.5,62.8,11.3,4.6,4.1,160.4,66,,,
24,82.8,674.1,223.3,6.9,160.4,413,,,
50,107.8,713.1,337.3,16.4,155.4,403,,,
96,121.8,708.1,391.3,27.9,150.4,557,,,
,,,,,,,,,
14.12.04,,,,,,,,,
Time (h),asyn,a71-74Del,a71-76Del,a71E72E,,,,,
0,4,4,4,4,,,,,
4,43,4,4,4,,,,,
8,773,4.9,4.1,4.1,,,,,
24,1103,108.3,3.97,5.8,,,,,
49,1158,322.3,4.8,8.9,,,,,
75,1037,376.3,68.3,16.1,,,,,
144,1103,493.3,133.3,31.1,,,,,
,,,,,,,,,
05.01.05,,,,,,,,,
Time (h),asyn,a71-74Del,a71-76Del,a71-78Del,a71-81Del,a71-82Del,,,
0,4,4,4,4,4,4,,,
4.5,22.2,4,4,4,4,3.9,,,
8.5,98.2,9.2,4.1,4,4.1,4,,,
25,444.2,128.3,4,4.1,4,3.9,,,
53,734.2,271.3,164.4,7.8,5.9,14.6,,,
127,733.2,422.3,161.4,8.7,51.7,34.1,,,
,,,,,,,,,
31.01.05,,,,,,,,,
Time (h),asyn,a71-78Del,a71-81Del,a71E72E,45V46V71E72E,,,,
0,4,4,4,4,4,,,,
4,4.4,4.3,3.9,4,4,,,,
8,24.9,4.2,4.1,4.1,4,,,,
24,125.9,4.1,6.3,4.6,4,,,,
50,210.9,10.1,21.8,7.3,63,,,,
96,276.9,496.3,67.8,14.1,162,,,,
,,,,,,,,,
21.02.05,,,,,,,,,
Time (h),asyn,a71-78Del,a71-81Del,a71E72E,45V46V71E72E,,,,
0,4,4,4,4,4,,,,
4.5,4,4,3.9,4.1,4.4,,,,
8,4.1,3.9,4.1,5.3,4.2,,,,
24,92,3.9,9.1,5.2,20.5,,,,
50,1001,4.6,32.5,5.2,285.5,,,,
96,903,8.5,71.5,11,338.5,,,,
,,,,,,,,,
05.07.05,"at 5,2.5 ",,,,,,,,
Time (h),asyn,fr_asyn,fr_bsyn,fr_gsyn1,fr_gsyn2,,,,
0,4,4,4,4,4,,,,
4.5,4.1,134.5,4,185.6,238.4,,,,
8.5,8.1,132.5,6.8,206.6,288.4,,,,
23,208.2,129.5,7.5,209.6,299.4,,,,
54,241.2,113.5,6.7,255.6,298.4,,,,
103,194.2,111.5,7.1,134.6,203.4,,,,
,,,,,,,,,
01.08.05,"CIMR LS50 (5, 2.5)",,,,,,,,
Time (h),asyn,fr_asyn,fr_bsyn,fr_gsyn1,fr_gsyn2,,,,
0,4,4,4,4,4,,,,
1.75,4.1,38.5,4.1,93.3,39.8,,,,
3,3.9,276.5,4.3,136.3,105.8,,,,
4,4,277.5,4.6,144.3,164.8,,,,
8,5.9,287.5,13.8,148.3,133.8,,,,
23,100.9,311.5,43.8,212.3,101.8,,,,
47,127.9,313.5,64.8,233.3,107.8,,,,
96,195.9,313.5,85.8,157.3,105.8,,,,
,,,,,,,,,
04.08.05,"CIMR LS50 (5, 2.5)",,,,,,,,
Time (h),asyn,fr_asyn,fr_bsyn,fr_gsyn1,fr_gsyn2,,,,
0,4,4,4,4,4,,,,
0.5,4.3,8.6,3.9,7.2,4,,,,
1,4.3,11,4.3,10.2,5.4,,,,
2,4.2,65.3,4.1,29.7,57.2,,,,
4,4.2,143.3,4.4,78.7,110.2,,,,
6,4.4,140.3,5.2,108.7,122.2,,,,
8,5.6,144.3,5.9,108.7,115.2,,,,
24,129,150.3,41.7,117.7,113.2,,,,
53,197,135.3,66.7,130.7,115.2,,,,
118,203,129.3,97.7,116.7,89.2,,,,
,,,,,,,,,
09.08.05,"CIMR LS50 (5, 2.5)",,,,,,,,
Time (h),asyn,fr_asyn,fr_bsyn,fr_gsyn1,fr_gsyn2,,,,
0,4,4,4,4,4,,,,
0.5,3.7,3.9,4.4,4.1,4.5,,,,
1,3.9,11.3,4.7,7.5,34.4,,,,
2,3.7,35.5,4.6,26.5,115.4,,,,
4,3.7,75.5,4.7,198.5,144.4,,,,
8,5.3,93.5,5.4,134.5,127.4,,,,
24,88.3,102.5,7.1,135.5,130.4,,,,
48,153.3,96.5,6.9,135.5,125.4,,,,
105,175.3,96.5,7.5,127.5,130.4,,,,
,,,,,,,,,
30.08.05,"CIMR LS50 (5, 2.5)",,,,,,,,
Time (h),asyn,fr_asyn,fr_bsyn,fr_gsyn1,fr_gsyn2,,,,
0,4,4,4,4,4,,,,
0.5,4,13.3,4.7,5,4,,,,
1,3.9,23.5,4.1,6.6,5.9,,,,
2,3.9,39.5,4.1,19.4,64.4,,,,
4,4.5,71.5,4.2,62.7,74.4,,,,
8,17.8,80.5,4.5,69.7,93.4,,,,
24,42.9,73.5,8.3,70.7,83.4,,,,
49,75.9,76.5,11.4,81.7,86.4,,,,
105,124.9,70.5,16.1,73.7,66.4,,,,
,,,,,,,,,
15.11.05,"CIMR LS50 (5, 2.5)",,,,,,,,
Time (h),asyn,fr_asyn,fr_bsyn,fr_gsyn1,fr_gsyn2,,,,
0,4,4,4,4,4,,,,
8,4.7,181.5,3.9,143.3,189.9,,,,
25,89.9,243.5,3.9,148.3,189.9,,,,
48,147.9,323.5,4.9,137.3,175.9,,,,
100,181.9,383.5,8.2,178.3,197.9,,,,
,,,,,,,,,
29.11.05,"LMB LS55B (5,10 1% Atten)",,,,,,,,
Time (h),asyn,fr_asyn,fr_bsyn,fr_gsyn1,fr_gsyn2,,,,
0,4,4,4,4,4,,,,
1,3.9,13.1,4,3.9,15.8,,,,
2,4,141.8,5.4,4,67.8,,,,
4,4.1,158.8,4.1,133.7,75.8,,,,
8,4.5,175.8,4.4,140.7,66.8,,,,
24,98.1,165.8,15.4,148.7,81.8,,,,
48,165.1,228.8,18.7,168.7,93.8,,,,
100,208.1,257.8,19.7,156.7,109.8,,,,
,?,,,,,,,,
06.03.06,"5,10 1%Atten (LMB LS55B)",,,,,,,,
Time (h),asyn,a71E72E,a45V46V,a45V46V71E72E,,,,,
0,4,4,4,4,,,,,
1,4,4,10.6,4,,,,,
2,4.1,4,37.9,4,,,,,
4,9.8,3.9,47.9,4.3,,,,,
8,113.2,4.1,55.9,4.6,,,,,
24,235.2,4.7,69.9,5.9,,,,,
48,216.2,4.1,56.9,30.4,,,,,
96,194.2,3.9,51.9,52.4,,,,,
,,,,,,,,,
10.04.06#1,"5,10 1%Atten (LMB LS55B)",,,,,,,,
Time (h),asyn,a71E72E,a45V46V,a45V46V71E72E,,,,,
0,4,4,4,4,,,,,
4,4.1,4.3,62.3,4.2,,,,,
8,5.7,4.1,75.3,4.3,,,,,
24,22.5,4.2,86.3,4.5,,,,,
48,120,4,92.3,32.3,,,,,
98,113,4.5,94.3,83.3,,,,,
,,,,,,,,,
10.04.06#2,"5,10 1%Atten (LMB LS55B)",,,,,,,,
Time (h),asyn,a71E72E,a45V46V,a45V46V71E72E,,,,,
0,4,4,4,4,,,,,
4,4.8,5.1,8,4.5,,,,,
8,8,5.3,3,4.2,,,,,
24,34.3,5.1,12,46.5,,,,,
48,59.3,8.3,13,167.5,,,,,
96,57.3,20.3,7,162.5,,,,,
,,,,,,,,,
15.05.06,"5,10 1%Atten (LMB LS55B)",,,,,,,,
Time (h),asyn,a71E72E,a45V46V,a45V46V71E72E,bE46V,,,,
0,4,4,4,4,4,,,,
4,4.3,4.2,64.8,4.1,20.9,,,,
8,4.7,4.3,68.8,4.1,22.4,,,,
24,23.7,4.6,98.8,4.2,25.4,,,,
48,79.7,5.2,117.8,12,26.4,,,,
96,87.7,6.6,92.8,57.3,27.4,,,,
,,,,,,,,,
15.05.06,ThT early timepoints,,,,,,,,
Time (h),a45V46V,,,,,,,,
0,4,,,,,,,,
0.5,41.8,,,,,,,,
1,64.8,,,,,,,,
2,68.8,,,,,,,,
4,64.8,,,,,,,,
8,68.8,,,,,,,,
24,98.8,,,,,,,,
48,117.8,,,,,,,,
96,92.8,,,,,,,,
,,,,,,,,,
26.10.06#1,"5,2.5 (CIMR LS50)",,,,,,,,
Time (h),asyn,b5V8Q,,,,,,,
0,4,4,,,,,,,
2,4.2,6.1,,,,,,,
4,4.1,4.8,,,,,,,
8,4.5,4.8,,,,,,,
24,82.4,43.9,,,,,,,
48,272.4,32.9,,,,,,,
98,385.4,38.9,,,,,,,
,,,,,,,,,
26.10.06#2,"5,2.5 (CIMR LS50)",,,,,,,,
Time (h),asyn,b5V8Q,,,,,,,
0,4,4,,,,,,,
2,3.6,2.8,,,,,,,
4,5.8,4.1,,,,,,,
8,14.6,4.2,,,,,,,
24,28.6,11.2,,,,,,,
48,164.6,23.2,,,,,,,
98,212.6,113.2,,,,,,,
,,,,,,,,,
26.10.06#3,"5,2.5 (CIMR LS50)",,,,,,,,
Time (h),asyn,a41-140,a51-140,a71-140,,,,,
0,4,4,4,4,,,,,
4,4.4,4.1,4.3,4,,,,,
8,5.8,4.1,4,4.4,,,,,
24,236,9.3,36.2,7.4,,,,,
48,224,148.2,67.2,92.4,,,,,
98,234,171.2,76.2,68.4,,,,,
,,,,,,,,,
02.11.06,"5,2.5 (CIMR LS50)",,,,,,,,
Time (h),asyn,a45V46V,a71E72E,a45V46V71E72E,a1-70,,,,
0,4,4,4,4,4,,,,
0.5,4.1,119.2,4.3,4.2,3.9,,,,
1,4.3,257.2,4.3,4.4,3.8,,,,
2.5,4.8,286.2,5,5,4.4,,,,
4,5.3,294.2,5,5.3,4.4,,,,
8,7.2,282.2,5,21.8,4.7,,,,
24,50.7,311.2,5.3,190.8,35.3,,,,
48,167.1,351.2,4.7,198.8,75.3,,,,
100,174.1,344.2,22.7,216.8,51.3,,,,
,,,,,,,,,
06.11.06,"5,10 1%Atten (LMB LS55B)",,,,,,,,
Time (h),asyn,a1-75,a1-80,,,,,,
0,4,4,4,,,,,,
0.5,4,3.9,4,,,,,,
1,4,3.7,4.1,,,,,,
2,3.9,3.8,5.2,,,,,,
4,4.8,14.7,50.7,,,,,,
8,10.2,56.4,51.7,,,,,,
24,35.7,47.4,52.7,,,,,,
48,61.7,48.4,43.7,,,,,,
98,80.7,37.4,36.7,,,,,,
,,,,,,,,,
14.11.06,,,"5,10 1%Atten (LMB LS55B)",,,,,,
Time (h),asyn,b5V,b5V8Q,,,,,,
0,4,4,4,,,,,,
4.5,7.2,4.2,4.1,,,,,,
8,11.6,4.1,4.1,,,,,,
24,69.4,4.1,4.3,,,,,,
48,88.4,4.3,6.99,,,,,,
98,79.4,4.5,30,,,,,,
,,,,,,,,,
14.11.06,ThT not added ab initio,,"5,10 1%Atten (LMB LS55B)",,,,,,
Time (h),asyn,a1-75,a1-80,,,,,,
0,4,4,4,,,,,,
4,5.2,9.1,11,,,,,,
8,7.6,13.4,12.9,,,,,,
24,19.8,23.1,15.2,,,,,,
48,88.8,10.4,14.8,,,,,,
98,81.8,10.12,17.7,,,,,,
,,,,,,,,,
21.11.06,"5,10 1%Atten (LMB LS55B)",,,,,,,,
Time (h),asyn,b5V,b5V8Q,,,,,,
0,4,4,4,,,,,,
4,4,4.1,4.2,,,,,,
8,4,4.2,4.2,,,,,,
24,19.6,4.31,67.4,,,,,,
48,65,5.7,73.4,,,,,,
150,60,46.1,84.4,,,,,,
,,,,,,,,,
04.12.06,"5,10 1%Atten (LMB LS55B)",,,,,,,,
Time (h),asyn,b5V,b5V8Q,,,,,,
0,4,4,4,,,,,,
4,4.3,4.3,4.4,,,,,,
8,5.9,4.6,4.9,,,,,,
24,18.2,4.4,4.9,,,,,,
48,57.2,4.5,5.5,,,,,,
96,62.2,24.3,6,,,,,,
,,,,,,,,,
04.12.06,"5,10 1%Atten (LMB LS55B)",,,,,,,,
Time (h),asyn,a1-75,a1-80,,,,,,
0,4,4,4,,,,,,
0.5,4.1,4.1,5.5,,,,,,
1,4.2,4.2,11.4,,,,,,
2,4.1,16.4,13.2,,,,,,
4,4.1,41.6,10.3,,,,,,
8,5.8,38.6,9.7,,,,,,
24,17.8,42.6,13.8,,,,,,
48,44.3,38.6,15,,,,,,
96,50.3,50.6,18.6,,,,,,
,,,,,,,,,
19.02.07,"5,10 1%Atten (LMB LS55B)",,,,,,,,
Time (h),asyn,a41-140,a51-140,a61-140,,,,,
0,4,4,4,4,,,,,
4,4.7,4.1,4.9,6,,,,,
8,10.5,4.5,8.9,14,,,,,
24,96.5,85.6,88.7,21,,,,,
48,108.5,166.6,97.7,26,,,,,
96,111.5,209.6,92.7,17,,,,,
,,,,,,,,,
30.07.07,#1,"5,10 1%Atten (LMB LS55B)",,,,,,,
Time (h),asyn,a41-140,a51-140,a61-140,,,,,
0,4,4,4,4,,,,,
4,5.4,4,4.4,30.4,,,,,
8,9.3,16.9,9.4,46.9,,,,,
24,45.8,101.9,123.9,62.9,,,,,
48,61.8,96.9,133.9,61.9,,,,,
96,,,,,,,,,
,,,,,,,,,
30.07.07,#2,"5,10 1%Atten (LMB LS55B)",,,,,,,
Time (h),asyn,a41-140,a51-140,a61-140,,,,,
0,4,4,4,4,,,,,
4,4,4,4,4.2,,,,,
8,5.9,5,4,5.1,,,,,
24,75.9,38.9,13.6,14.5,,,,,
48,83.9,40.9,72.9,17.4,,,,,
96,,,,,,,,,
,,,,,,,,,
24.09.07,#1,"5,10 1%Atten (LMB LS55B)",,,,,,,
Time (h),asyn,b5V8Q,a45V46V,b45V46V,,,,,
0,4,4,4,4,,,,,
1,4,4,13.5,4,,,,,
2,4.1,4.2,15.2,5,,,,,
4,5.2,4.1,18.2,6.3,,,,,
8,8.3,4.1,19.5,12.5,,,,,
24,24.7,13.5,23.5,23,,,,,
48,43.7,36.7,24.5,23.6,,,,,
96,48.7,38.7,25.5,26.6,,,,,
,,,,,,,,,
24.09.07,#2,"5,10 1%Atten (LMB LS55B)",,,,,,,
Time (h),asyn,b5V8Q,a45V46V,b45V46V,,,,,
0,4,4,4,4,,,,,
1,4,4.1,7.6,4,,,,,
2,4,4.1,15.6,4.1,,,,,
4,4.3,4.1,20.6,4.4,,,,,
8,6.1,4.2,24.6,9.4,,,,,
24,23.6,31.9,27.6,16.4,,,,,
48,39.6,35.6,29.6,48.6,,,,,
96,43.6,35.6,34.6,53.6,,,,,
,,,,,,,,,
13.11.07,#1,"5,10 1%Atten (LMB LS55B)",,,,,,,
Time (h),asyn,bE46V,b45V46V,,,,,,
0,4,4,4,,,,,,
4,4.15,7.26,4.15,,,,,,
8,4.2,8.56,4.15,,,,,,
24,43.5,7.66,12.05,,,,,,
48,59.5,14.26,21.95,,,,,,
96,66.5,20.56,29.65,,,,,,
,,,,,,,,,
13.11.07,#2,"5,10 1%Atten (LMB LS55B)",,,,,,,
Time (h),asyn,bE46V,b45V46V,,,,,,
0,4,4,4,,,,,,
4,4.05,4,4,,,,,,
8,4.05,4.01,4,,,,,,
24,9.85,4.55,3.9,,,,,,
48,50.65,31.65,21.3,,,,,,
96,63.65,33.65,33.6,,,,,,
,,,,,,,,,
13.11.07,#3,"5,10 1%Atten (LMB LS55B)",,,,,,,
Time (h),asyn,bE46V,b45V46V,,,,,,
0,4,4,4,,,,,,
4,4.1,4.08,4.2,,,,,,
8,4.1,4.08,4.26,,,,,,
24,25.6,3.98,4.05,,,,,,
48,79.6,21.08,4.4,,,,,,
96,97.6,28.58,33.6,,,,,,
,,,,,,,,,
21.01.08,"5,10 1%Atten (LMB LS55B)",,,,,,,,
Time (h),asyn,aE83Q,a73-82Del,,,,,,
0,4,4,4,,,,,,
4,4.4,32.5,4.1,,,,,,
8,5.7,32.5,3.9,,,,,,
24,17.7,35.5,5,,,,,,
48,18.7,33.5,7.8,,,,,,
96,20.1,33.5,12.4,,,,,,
,,,,,,,,,
10.03.08,"5,10 1%Atten (LMB LS55B)",,,,,,,,
Time (h),asyn,aK45V,aE46V,a45V46V,,,,,
0,4,4,4,4,,,,,
0.5,3.9,3.97,4.1,4.2,,,,,
1,3.9,4.02,4.1,4.3,,,,,
2,3.9,3.97,5,4.5,,,,,
4,3.9,3.97,27.8,8,,,,,
8,4.6,17.37,64.8,10.9,,,,,
24,18.8,48.87,51.8,24.7,,,,,
48,41.8,47.87,46.8,26.7,,,,,
96,46.8,47.87,39.8,27.7,,,,,
,,,,,,,,,
06.04.08,CORRECTED* ,,,"*buffer used upto 48h had pH of ~8.7. Buffer used at 96h had pH 8.5. The values at 96h will be corrected to average of ratio for aWTs in the 3 expts, i.e. 1.46)",,,,,
Time (h),asyn,bE46V,,,,,,,
0,4,4,,,,,,,
4,7.3,4,,,,,,,
8,15.7,9.1,,,,,,,
24,56.7,34.7,,,,,,,
48,66.7,47.7,,,,,,,
96,66.48,46.04,,,,,,,
,,,,,,,,,
12.05.08,"5,10 1%Atten (LMB LS55B)",,,,,,,,
Time (h),asyn,b5V2Q,b5V4Q,b5V6Q,b5V8Q,asyn,aK45V,aE46V,
0,4,4,4,4,4,4,4,4,
4,7.8,4,4,4.1,3.9,4,4,4.1,
8,12.5,3.9,3.9,3.9,3.9,4.7,4.4,25.4,
24,38.1,3.9,4,4,3.8,11.2,84.1,57.4,
48,51.1,3.9,6.6,4,3.8,18.2,82.1,52.4,
96,56.1,3.9,31.6,4,3.9,33.2,79.1,48.4,
,,,,,,,,,
12.05.08 ,contin,,,,,,,,
Time (h),asyn,b5V2Q,asyn,b5V4Q,b5V6Q,,,,
0,4,4,4,4,4,,,,
4,7.8,4,3.9,4,4,,,,
8,12.5,3.9,6.5,3.9,3.9,,,,
24,38.1,3.9,74.5,4,62.5,,,,
48,51.1,3.9,94.5,3.9,74.5,,,,
96,56.1,3.9,96.5,5.8,76.5,,,,
,,,,,,,,,
09.06.08,"5,10 1%Atten (LMB LS55B)",,,,,,,,
Time (h),asyn,b5V6Q,,,,,,,
0,4,4,,,,,,,
4,4,4,,,,,,,
8,7.1,4,,,,,,,
24,70.6,4,,,,,,,
48,82.6,55.5,,,,,,,
96,69.6,51.5,,,,,,,
,,,,,,,,,
01.10.08 #1,"5,10 1%Atten (LMB LS55B)",,,,,,,,
Time (h),asyn,b5V4Q,b5V6Q,,,,,,
0,4,4,4,,,,,,
5,6.1,3.9,4,,,,,,
9,26.5,3.9,4.1,,,,,,
25,47.5,18.2,87.5,,,,,,
49,54.5,37.2,84.5,,,,,,
120,46.5,39.2,101.5,,,,,,
,,,,,,,,,
01.10.08#2,"5,10 1%Atten (LMB LS55B)",,,,,,,,
Time (h),asyn,aK45E,aK45V,,,,,,
0,4,4,4,,,,,,
5,4.2,3.9,4.6,,,,,,
9,19.2,19.8,131.8,,,,,,
25,27.9,22.8,133.8,,,,,,
49,28.9,23.8,133.8,,,,,,
120,31.9,22.8,130.8,,,,,,
,,,,,,,,,
16.12.08,"5,10 1%Atten (LMB LS55B)",,,,,,,,
Time (h),asyn,b5V,b5V2Q,b5V4Q,b5V6Q,b5V8Q,,,
0,4,4,4,4,4,4,,,
4,4,4.2,4.1,4.1,4.1,4.1,,,
8,4,4.2,4.4,4.1,4.2,4.2,,,
24,36.7,4.4,4.3,4,4.1,4.2,,,
48,49.7,4.2,4.1,4.2,4.1,4.1,,,
100,61.7,4.3,4.2,4.7,223.7,258.7,,,
,,,,,,,,,
27.04.09,"5,10 1%Atten (LMB LS55B)",,,,,,,,
Time (h),asyn,b5V,b5V2Q,,,,,,
0,4,4,4,,,,,,
4,4,4,4,,,,,,
8,4,4,4.2,,,,,,
24,21.5,4,4.8,,,,,,
48,56,4,4.8,,,,,,
100,94,11.1,5.5,,,,,,
,,,,,,,,,
18.05.09,"5,10 1%Atten (LMB LS55B)",,,,,,,,
Time (h),asyn,b5V2Q,asyn,b5V,b5V2Q,,,,
0,4,4,4,4,4,,,,
4,3.9,3.9,4,4,4,,,,
8,3.9,3.9,4,4,4,,,,
24,7.9,3.9,17.9,4,4,,,,
48,54.8,3.9,65.9,4,4,,,,
100,53.8,3.9,54.9,5.2,4,,,,
,,,,,,,,,
15.06.09,"5,10 1%Atten (LMB LS55B)",,,,,,,,
Time (h),asyn,b5V,b5V4Q,b5V6Q,b5V8Q,,,,
0,4,4,4,4,4,,,,
4,4.06,3.98,4,4.02,3.96,,,,
8,3.98,3.98,4.26,3.98,4,,,,
24,17.56,3.98,7.96,4.16,4,,,,
48,34.96,4.24,24.96,18.96,98.9,,,,
100,32.96,13.94,24.96,120.96,99.9,,,,
,,,,,,,,,
30.10.09#2,"5,10 1%Atten (LMB LS55B)",,,,,,,,
Time (h),asyn,aK45V,aE46V,,,,,,
0,4,4,4,,,,,,
1,4,4,5.1,,,,,,
2,4,4.2,60.5,,,,,,
4,4.1,15.3,113.5,,,,,,
8,5.4,283.4,118.5,,,,,,
24,35.5,345.4,126.5,,,,,,
48,116.5,350.4,112.5,,,,,,
100,108.5,381.4,111.5,,,,,,
,,,,,,,,,
30.10.09#3,"5,10 1%Atten (LMB LS55B)",,,,,,,,
Time (h),asyn,b5V8Q,,,,,,,
0,4,4,,,,,,,
4,4.2,4.1,,,,,,,
8,4.2,4.4,,,,,,,
24,10.4,26.7,,,,,,,
48,37.7,241.7,,,,,,,
100,29.7,188.7,,,,,,,
